idna_subject,checker_type,destination,tested_at
m.facebook.com,AVAILABILITY,domains.list,2026-10-01 17:44:35.957113+00:00
www.facebookcom.com,AVAILABILITY,domains.list,2026-10-01 18:03:37.566339+00:00
xx-fbcdn-shv-01-sea1.fbcdn.net,AVAILABILITY,domains.list,2026-10-01 18:05:33.595523+00:00
edge-atlas-shv-01-sea1.facebook.com,AVAILABILITY,domains.list,2026-10-01 18:05:33.870870+00:00
edge-mqtt-shv-01-sea1.facebook.com,AVAILABILITY,domains.list,2026-10-01 18:05:34.090873+00:00
edge-oculus-shv-01-sea1.fbcdn.net,AVAILABILITY,domains.list,2026-10-01 18:05:34.364361+00:00
edgeray-shv-01-sea1.facebook.com,AVAILABILITY,domains.list,2026-10-01 18:05:34.726486+00:00
instagram-p3-shv-01-sea1.fbcdn.net,AVAILABILITY,domains.list,2026-10-01 18:05:35.004438+00:00
msw1ac.01.sea1.tfbnw.net,AVAILABILITY,domains.list,2026-10-01 18:05:35.694832+00:00
www.facebook.it,AVAILABILITY,domains.list,2026-10-01 18:05:36.529605+00:00
www.facbook.com,AVAILABILITY,domains.list,2026-10-01 18:05:37.339694+00:00
edge-video-shv-01-lhr8.fbcdn.net,AVAILABILITY,domains.list,2026-10-01 18:05:37.591797+00:00
psw02.vie1.tfbnw.net,AVAILABILITY,domains.list,2026-10-01 18:05:38.031559+00:00
ae10.bb01.atl1.tfbnw.net,AVAILABILITY,domains.list,2026-10-01 18:05:38.502799+00:00
instagram-p3-shv-02-frt3.fbcdn.net,AVAILABILITY,domains.list,2026-10-01 18:05:38.785448+00:00
po103.psw01.lga3.tfbnw.net,AVAILABILITY,domains.list,2026-10-01 18:05:39.042181+00:00
scontent-frt3-2.xx.fbcdn.net,AVAILABILITY,domains.list,2026-10-01 18:05:39.268984+00:00
scontent.fiev11-1.fna.fbcdn.net,AVAILABILITY,domains.list,2026-10-01 18:05:39.676408+00:00
quill.fb.com,AVAILABILITY,domains.list,2026-10-01 18:05:40.089520+00:00
xx-fbcdn-shv-01-kut2.fbcdn.net,AVAILABILITY,domains.list,2026-10-01 18:05:40.365324+00:00
xx-fbcdn-shv-02-frt3.fbcdn.net,AVAILABILITY,domains.list,2026-10-01 18:05:40.760006+00:00
edge-atlas-shv-01-cdg2.facebook.com,AVAILABILITY,domains.list,2026-10-01 18:05:41.106957+00:00
edge-mqtt-shv-01-cdg2.facebook.com,AVAILABILITY,domains.list,2026-10-01 18:05:41.382834+00:00
edge-star-shv-01-cdg2.facebook.com,AVAILABILITY,domains.list,2026-10-01 18:05:41.717949+00:00
edgeray-shv-01-cdg2.facebook.com,AVAILABILITY,domains.list,2026-10-01 18:05:41.964449+00:00
instagram-p3-shv-01-cdg2.fbcdn.net,AVAILABILITY,domains.list,2026-10-01 18:05:42.431362+00:00
scontent-cdg2-1.xx.fbcdn.net,AVAILABILITY,domains.list,2026-10-01 18:05:42.692074+00:00
xx-fbcdn-shv-01-cdg2.fbcdn.net,AVAILABILITY,domains.list,2026-10-01 18:05:42.932960+00:00
instagram-p3-shv-01-frt3.fbcdn.net,AVAILABILITY,domains.list,2026-10-01 18:05:43.274961+00:00
scontent-frt3-1.xx.fbcdn.net,AVAILABILITY,domains.list,2026-10-01 18:05:43.776547+00:00
scontent-frx5-1.xx.fbcdn.net,AVAILABILITY,domains.list,2026-10-01 18:05:43.994682+00:00
xx-fbcdn-shv-01-frt3.fbcdn.net,AVAILABILITY,domains.list,2026-10-01 18:05:44.213502+00:00
edge-sonar-mini-shv-01-ort2.fbcdn.net,AVAILABILITY,domains.list,2026-10-01 18:05:44.715506+00:00
edge-star-mini-shv-01-ort2.facebook.com,AVAILABILITY,domains.list,2026-10-01 18:05:45.065515+00:00
edge-star-mini-shv-02-ort2.facebook.com,AVAILABILITY,domains.list,2026-10-01 18:05:45.414084+00:00
external-ort2-1.xx.fbcdn.net,AVAILABILITY,domains.list,2026-10-01 18:05:45.650436+00:00
external.fapa1-1.fna.fbcdn.net,AVAILABILITY,domains.list,2026-10-01 18:05:46.094132+00:00
fna-fbcdn-shv-01-fapa1.fbcdn.net,AVAILABILITY,domains.list,2026-10-01 18:05:46.300108+00:00
fna-fbcdn-video-shv-01-fapa1.fbcdn.net,AVAILABILITY,domains.list,2026-10-01 18:05:46.764533+00:00
instagram-p3-shv-01-ort2.fbcdn.net,AVAILABILITY,domains.list,2026-10-01 18:05:47.034874+00:00
instagram-p3-shv-02-ort2.fbcdn.net,AVAILABILITY,domains.list,2026-10-01 18:05:47.447161+00:00
po106.psw04.mia3.tfbnw.net,AVAILABILITY,domains.list,2026-10-01 18:05:47.715451+00:00
video.fapa1-1.fna.fbcdn.net,AVAILABILITY,domains.list,2026-10-01 18:05:47.937438+00:00
xx-fbcdn-shv-01-ort2.fbcdn.net,AVAILABILITY,domains.list,2026-10-01 18:05:48.406992+00:00
xx-fbcdn-shv-02-ort2.fbcdn.net,AVAILABILITY,domains.list,2026-10-01 18:05:48.899760+00:00
scontent.fymy1-2.fna.fbcdn.net,AVAILABILITY,domains.list,2026-10-01 18:05:49.125919+00:00
scontent.fmia1-1.fna.fbcdn.net,AVAILABILITY,domains.list,2026-10-01 18:05:49.827138+00:00
instagram-p3-shv-01-amt2.fbcdn.net,AVAILABILITY,domains.list,2026-10-01 18:05:50.048678+00:00
scontent-amt2-1.xx.fbcdn.net,AVAILABILITY,domains.list,2026-10-01 18:06:07.244147+00:00
xx-fbcdn-shv-01-amt2.fbcdn.net,AVAILABILITY,domains.list,2026-10-01 18:06:07.642575+00:00
xx-fbcdn-shv-01-scl1.fbcdn.net,AVAILABILITY,domains.list,2026-10-01 18:06:07.996717+00:00
z-1-video.fszb1-1.fna.fbcdn.net,AVAILABILITY,domains.list,2026-10-01 18:06:43.298958+00:00
instagram.fada1-10.fna.fbcdn.net,AVAILABILITY,domains.list,2026-10-01 18:07:43.517986+00:00
scontent.fada1-10.fna.fbcdn.net,AVAILABILITY,domains.list,2026-10-01 18:08:08.878908+00:00
scontent.fmga1-1.fna.fbcdn.net,AVAILABILITY,domains.list,2026-10-01 18:08:09.414012+00:00
scontent.fkwi10-1.fna.fbcdn.net,AVAILABILITY,domains.list,2026-10-01 18:08:09.740370+00:00
lt.fb.com,AVAILABILITY,domains.list,2026-10-01 18:08:10.238056+00:00
pdocs.fb.com,AVAILABILITY,domains.list,2026-10-01 18:08:10.506468+00:00
pimg.fb.com,AVAILABILITY,domains.list,2026-10-01 18:08:10.769570+00:00
scontent.fmex8-2.fna.fbcdn.net,AVAILABILITY,domains.list,2026-10-01 18:08:11.143297+00:00
tdocs.fb.com,AVAILABILITY,domains.list,2026-10-01 18:08:11.445755+00:00
sftp-ext.fb.com,AVAILABILITY,domains.list,2026-10-01 18:08:11.706549+00:00
video.fada1-10.fna.fbcdn.net,AVAILABILITY,domains.list,2026-10-01 18:08:11.952737+00:00
instagram.fada1-1.fna.fbcdn.net,AVAILABILITY,domains.list,2026-10-01 18:08:12.177612+00:00
scontent.fada1-1.fna.fbcdn.net,AVAILABILITY,domains.list,2026-10-01 18:08:12.477651+00:00
instagram.fbtz1-10.fna.fbcdn.net,AVAILABILITY,domains.list,2026-10-01 18:08:12.907079+00:00
snafu.tfbnw.net,AVAILABILITY,domains.list,2026-10-01 18:08:13.148367+00:00
edge-sonar-mini-shv-01-lht6.fbcdn.net,AVAILABILITY,domains.list,2026-10-01 18:08:13.541762+00:00
scontent-lht6-1.xx.fbcdn.net,AVAILABILITY,domains.list,2026-10-01 18:08:13.859411+00:00
xx-fbcdn-shv-01-lht6.fbcdn.net,AVAILABILITY,domains.list,2026-10-01 18:08:14.224981+00:00
instagram.fvga1-1.fna.fbcdn.net,AVAILABILITY,domains.list,2026-10-01 18:08:14.537576+00:00
origincache-ash.t.fbcdn.net,AVAILABILITY,domains.list,2026-10-01 18:08:15.033247+00:00
origincache-prn.t.fbcdn.net,AVAILABILITY,domains.list,2026-10-01 18:08:15.252267+00:00
origincache-frc.t.fbcdn.net,AVAILABILITY,domains.list,2026-10-01 18:08:15.865620+00:00
a.ns.tfbnw.net,AVAILABILITY,domains.list,2026-10-01 18:08:16.222292+00:00
instagram.fplu11-1.fna.fbcdn.net,AVAILABILITY,domains.list,2026-10-01 18:08:16.877120+00:00
scontent.fplu11-1.fna.fbcdn.net,AVAILABILITY,domains.list,2026-10-01 18:08:17.140761+00:00
scontent.fiev1-1.fna.fbcdn.net,AVAILABILITY,domains.list,2026-10-01 18:08:18.044782+00:00
external-hkg3-1.xx.fbcdn.net,AVAILABILITY,domains.list,2026-10-01 18:08:18.386431+00:00
scontent.fsjo1-1.fna.fbcdn.net,AVAILABILITY,domains.list,2026-10-01 18:08:18.640463+00:00
external-lhr10-1.xx.fbcdn.net,AVAILABILITY,domains.list,2026-10-01 18:08:19.117045+00:00
fdda274d380ki4frcgi-rumjfjai1460158783-sonar.xx.fbcdn.net,AVAILABILITY,domains.list,2026-10-01 18:08:19.602580+00:00
f91858abe80k2geylvi-zhianuzp1521559729-sonar.xx.fbcdn.net,AVAILABILITY,domains.list,2026-10-01 18:08:20.200127+00:00
herningrideklub.netscontent-a-ams.xx.fbcdn.net,AVAILABILITY,domains.list,2026-10-01 18:08:20.435092+00:00
igcdn-origincache-all.fbcdn.net,AVAILABILITY,domains.list,2026-10-01 18:08:20.769404+00:00
origincache-lla.fbcdn.net,AVAILABILITY,domains.list,2026-10-01 18:08:21.137487+00:00
photos-a.xx.fbcdn.net,AVAILABILITY,domains.list,2026-10-01 18:08:21.438012+00:00
ncontent.xx.fbcdn.net,AVAILABILITY,domains.list,2026-10-01 18:08:21.847127+00:00
photos-a-ord.xx.fbcdn.net,AVAILABILITY,domains.list,2026-10-01 18:08:22.092282+00:00
photos-b-ord.xx.fbcdn.net,AVAILABILITY,domains.list,2026-10-01 18:08:22.841654+00:00
profile.xx.fbcdn.net,AVAILABILITY,domains.list,2026-10-01 18:08:23.252660+00:00
photos-b.xx.fbcdn.net,AVAILABILITY,domains.list,2026-10-01 18:08:23.583921+00:00
profile-a-iad.xx.fbcdn.net,AVAILABILITY,domains.list,2026-10-01 18:08:24.022862+00:00
profile-a.xx.fbcdn.net,AVAILABILITY,domains.list,2026-10-01 18:08:24.286983+00:00
profile-a-dfw.xx.fbcdn.net,AVAILABILITY,domains.list,2026-10-01 18:08:24.517199+00:00
profile-a-atl.xx.fbcdn.net,AVAILABILITY,domains.list,2026-10-01 18:08:24.853119+00:00
interncache-ash.fbcdn.net,AVAILABILITY,domains.list,2026-10-01 18:08:25.094424+00:00
profile-a-lga.xx.fbcdn.net,AVAILABILITY,domains.list,2026-10-01 18:08:25.520693+00:00
profile-a-mia.xx.fbcdn.net,AVAILABILITY,domains.list,2026-10-01 18:08:25.863362+00:00
profile-a-lax.xx.fbcdn.net,AVAILABILITY,domains.list,2026-10-01 18:08:26.374981+00:00
profile-a-sea.xx.fbcdn.net,AVAILABILITY,domains.list,2026-10-01 18:08:26.896742+00:00
instagram.fplu10-1.fna.fbcdn.net,AVAILABILITY,domains.list,2026-10-01 18:08:27.243321+00:00
scontent.fplu10-1.fna.fbcdn.net,AVAILABILITY,domains.list,2026-10-01 18:08:27.552858+00:00
external.fkul10-1.fna.fbcdn.net,AVAILABILITY,domains.list,2026-10-01 18:08:28.060520+00:00
www.faacebook.com,AVAILABILITY,domains.list,2026-10-01 18:08:29.082185+00:00
www.facebook.hu,AVAILABILITY,domains.list,2026-10-01 18:08:29.695810+00:00
www.facebookmail.com,AVAILABILITY,domains.list,2026-10-01 18:08:31.218093+00:00
www.facebook.co.za,AVAILABILITY,domains.list,2026-10-01 18:08:32.135216+00:00
ae59.pr03.sin1.tfbnw.net,AVAILABILITY,domains.list,2026-10-01 18:08:32.627930+00:00
ae0.bb01.bos2.tfbnw.net,AVAILABILITY,domains.list,2026-10-01 18:08:33.140406+00:00
profile-a-ord.xx.fbcdn.net,AVAILABILITY,domains.list,2026-10-01 18:08:33.487866+00:00
fna-fbcdn-shv-02-fdet1.fbcdn.net,AVAILABILITY,domains.list,2026-10-01 18:08:33.924686+00:00
ae29.bb02.mia1.tfbnw.net,AVAILABILITY,domains.list,2026-10-01 18:08:34.384388+00:00
sparkar.facebook.com,AVAILABILITY,domains.list,2026-10-01 18:08:34.840880+00:00
profile-b.xx.fbcdn.net,AVAILABILITY,domains.list,2026-10-01 18:08:35.057734+00:00
profile-b-dfw.xx.fbcdn.net,AVAILABILITY,domains.list,2026-10-01 18:08:35.649705+00:00
profile-a-sjc.xx.fbcdn.net,AVAILABILITY,domains.list,2026-10-01 18:08:35.893603+00:00
profile-b-lga.xx.fbcdn.net,AVAILABILITY,domains.list,2026-10-01 18:08:36.170266+00:00
profile-b-iad.xx.fbcdn.net,AVAILABILITY,domains.list,2026-10-01 18:08:36.756586+00:00
profile-b-mia.xx.fbcdn.net,AVAILABILITY,domains.list,2026-10-01 18:08:36.977046+00:00
profile-b-sjc.xx.fbcdn.net,AVAILABILITY,domains.list,2026-10-01 18:08:37.200242+00:00
profile-b-ord.xx.fbcdn.net,AVAILABILITY,domains.list,2026-10-01 18:08:37.603434+00:00
scontent-a-pao.xx.fbcdn.net,AVAILABILITY,domains.list,2026-10-01 18:08:38.311407+00:00
scontent-b-pao.xx.fbcdn.net,AVAILABILITY,domains.list,2026-10-01 18:08:38.532545+00:00
scontent-hkg3-2.xx.fbcdn.net,AVAILABILITY,domains.list,2026-10-01 18:08:38.765855+00:00
scontent-lhr3-1.xx.fbcdn.net,AVAILABILITY,domains.list,2026-10-01 18:08:39.114168+00:00
scontent-icn1-1.xx.fbcdn.net,AVAILABILITY,domains.list,2026-10-01 18:08:39.556207+00:00
scontent-hkg3-1.xx.fbcdn.net,AVAILABILITY,domains.list,2026-10-01 18:08:39.772357+00:00
scontent-sit4-1.xx.fbcdn.net,AVAILABILITY,domains.list,2026-10-01 18:08:40.323282+00:00
scontent-sjc2-1.xx.fbcdn.net,AVAILABILITY,domains.list,2026-10-01 18:08:40.564639+00:00
sphotos-a.xx.fbcdn.net,AVAILABILITY,domains.list,2026-10-01 18:08:40.907888+00:00
sphotos.xx.fbcdn.net,AVAILABILITY,domains.list,2026-10-01 18:08:41.330474+00:00
sphotos-a-ams.xx.fbcdn.net,AVAILABILITY,domains.list,2026-10-01 18:08:41.881226+00:00
sphotos-a-atl.xx.fbcdn.net,AVAILABILITY,domains.list,2026-10-01 18:08:42.158624+00:00
sphotos-a-cdg.xx.fbcdn.net,AVAILABILITY,domains.list,2026-10-01 18:08:42.512679+00:00
sphotos-a-dfw.xx.fbcdn.net,AVAILABILITY,domains.list,2026-10-01 18:08:42.947332+00:00
sphotos-a-lax.xx.fbcdn.net,AVAILABILITY,domains.list,2026-10-01 18:08:43.363588+00:00
sphotos-a-iad.xx.fbcdn.net,AVAILABILITY,domains.list,2026-10-01 18:08:43.613408+00:00
sphotos-a-lga.xx.fbcdn.net,AVAILABILITY,domains.list,2026-10-01 18:08:44.116169+00:00
sphotos-a-mia.xx.fbcdn.net,AVAILABILITY,domains.list,2026-10-01 18:08:44.691814+00:00
sphotos-a-lhr.xx.fbcdn.net,AVAILABILITY,domains.list,2026-10-01 18:08:44.895200+00:00
sphotos-a-mxp.xx.fbcdn.net,AVAILABILITY,domains.list,2026-10-01 18:08:45.120782+00:00
sphotos-a-mad.xx.fbcdn.net,AVAILABILITY,domains.list,2026-10-01 18:08:45.406835+00:00
sphotos-a-sea.xx.fbcdn.net,AVAILABILITY,domains.list,2026-10-01 18:08:45.635601+00:00
sphotos-a-pao.xx.fbcdn.net,AVAILABILITY,domains.list,2026-10-01 18:08:45.839252+00:00
sphotos-a-ord.xx.fbcdn.net,AVAILABILITY,domains.list,2026-10-01 18:08:46.085935+00:00
sphotos-a-sjc.xx.fbcdn.net,AVAILABILITY,domains.list,2026-10-01 18:08:46.313969+00:00
sphotos-a-vie.xx.fbcdn.net,AVAILABILITY,domains.list,2026-10-01 18:08:46.581667+00:00
sphotos-b.xx.fbcdn.net,AVAILABILITY,domains.list,2026-10-01 18:08:46.810511+00:00
sphotos-b-ams.xx.fbcdn.net,AVAILABILITY,domains.list,2026-10-01 18:08:47.037105+00:00
sphotos-b-cdg.xx.fbcdn.net,AVAILABILITY,domains.list,2026-10-01 18:08:47.287778+00:00
sphotos-b-dfw.xx.fbcdn.net,AVAILABILITY,domains.list,2026-10-01 18:08:47.535465+00:00
sphotos-b-atl.xx.fbcdn.net,AVAILABILITY,domains.list,2026-10-01 18:08:47.983988+00:00
sphotos-b-lax.xx.fbcdn.net,AVAILABILITY,domains.list,2026-10-01 18:08:48.404517+00:00
sphotos-b-iad.xx.fbcdn.net,AVAILABILITY,domains.list,2026-10-01 18:08:48.679547+00:00
sphotos-b-lhr.xx.fbcdn.net,AVAILABILITY,domains.list,2026-10-01 18:08:49.079253+00:00
sphotos-b-lga.xx.fbcdn.net,AVAILABILITY,domains.list,2026-10-01 18:08:49.451417+00:00
sphotos-b-mad.xx.fbcdn.net,AVAILABILITY,domains.list,2026-10-01 18:08:49.671612+00:00
sphotos-b-mia.xx.fbcdn.net,AVAILABILITY,domains.list,2026-10-01 18:08:49.892956+00:00
sphotos-b-ord.xx.fbcdn.net,AVAILABILITY,domains.list,2026-10-01 18:08:50.365500+00:00
sphotos-b-mxp.xx.fbcdn.net,AVAILABILITY,domains.list,2026-10-01 18:08:50.729985+00:00
sphotosbord.xx.fbcdn.net,AVAILABILITY,domains.list,2026-10-01 18:08:51.301616+00:00
sphotos-b-pao.xx.fbcdn.net,AVAILABILITY,domains.list,2026-10-01 18:08:51.541429+00:00
sphotos-b-sea.xx.fbcdn.net,AVAILABILITY,domains.list,2026-10-01 18:08:51.885868+00:00
sphotos-b-sjc.xx.fbcdn.net,AVAILABILITY,domains.list,2026-10-01 18:08:52.109725+00:00
sphotos-b-vie.xx.fbcdn.net,AVAILABILITY,domains.list,2026-10-01 18:08:52.379894+00:00
video-hkg3-1.xx.fbcdn.net,AVAILABILITY,domains.list,2026-10-01 18:08:52.848676+00:00
z-1-scontent.xx.fbcdn.net,AVAILABILITY,domains.list,2026-10-01 18:08:53.239114+00:00
vthumb.xx.fbcdn.net,AVAILABILITY,domains.list,2026-10-01 18:08:53.548555+00:00
z-1-scontent-sjc2-1.xx.fbcdn.net,AVAILABILITY,domains.list,2026-10-01 18:08:53.771656+00:00
ae0.bb01.ams2.tfbnw.net,AVAILABILITY,domains.list,2026-10-01 18:08:54.003093+00:00
beta.t.facebook.net,AVAILABILITY,domains.list,2026-10-01 18:08:54.299253+00:00
cdn.facebook.net,AVAILABILITY,domains.list,2026-10-01 18:08:54.536125+00:00
edge-snaptu-http-p1-shv-01-bru2.facebook.com,AVAILABILITY,domains.list,2026-10-01 18:08:54.783180+00:00
edge-snaptu-http-p1-shv-01-cdg2.facebook.com,AVAILABILITY,domains.list,2026-10-01 18:08:55.001545+00:00
connnect.facebook.net,AVAILABILITY,domains.list,2026-10-01 18:08:55.341753+00:00
edge-snaptu-http-p1-shv-01-iad3.facebook.com,AVAILABILITY,domains.list,2026-10-01 18:08:55.637977+00:00
edge-snaptu-http-p1-shv-01-gru1.facebook.com,AVAILABILITY,domains.list,2026-10-01 18:08:56.170715+00:00
edge-snaptu-http-p1-shv-01-mad1.facebook.com,AVAILABILITY,domains.list,2026-10-01 18:08:56.413369+00:00
edge-snaptu-http-p1-shv-01-nrt1.facebook.com,AVAILABILITY,domains.list,2026-10-01 18:08:56.758737+00:00
edge-snaptu-http-p1-shv-01-sea1.facebook.com,AVAILABILITY,domains.list,2026-10-01 18:08:57.028536+00:00
edge-video-shv-01-hel2.fbcdn.net,AVAILABILITY,domains.list,2026-10-01 18:08:57.355674+00:00
fa08.ftw1.tfbnw.net,AVAILABILITY,domains.list,2026-10-01 18:08:57.728621+00:00
fmc.fb.com,AVAILABILITY,domains.list,2026-10-01 18:08:58.019108+00:00
fna-fbcdn-shv-01-fbed1.fbcdn.net,AVAILABILITY,domains.list,2026-10-01 18:08:58.225488+00:00
fna-fbcdn-video-shv-01-fccu4.fbcdn.net,AVAILABILITY,domains.list,2026-10-01 18:08:58.459491+00:00
fna-fbcdn-shv-02-fbed1.fbcdn.net,AVAILABILITY,domains.list,2026-10-01 18:08:58.676993+00:00
instagram.fbna1-2.fna.fbcdn.net,AVAILABILITY,domains.list,2026-10-01 18:08:59.180450+00:00
fna-fbcdn-video-shv-02-fbed1.fbcdn.net,AVAILABILITY,domains.list,2026-10-01 18:08:59.438862+00:00
instagram.fszb1-1.fna.fbcdn.net,AVAILABILITY,domains.list,2026-10-01 18:08:59.809453+00:00
instagram.fper2-1.fna.fbcdn.net,AVAILABILITY,domains.list,2026-10-01 18:09:00.034454+00:00
instagram-p3-shv-01-hkg3.fbcdn.net,AVAILABILITY,domains.list,2026-10-01 18:09:00.477581+00:00
scontent.fiev8-1.fna.fbcdn.net,AVAILABILITY,domains.list,2026-10-01 18:09:00.948616+00:00
m.messenger.com,AVAILABILITY,domains.list,2026-10-01 18:09:01.299934+00:00
rdns.facebook.net,AVAILABILITY,domains.list,2026-10-01 18:09:01.701344+00:00
scontent.fkul4-1.fna.fbcdn.net,AVAILABILITY,domains.list,2026-10-01 18:09:02.307083+00:00
reviews.facebook.net,AVAILABILITY,domains.list,2026-10-01 18:09:02.680851+00:00
scontent.fmba1-1.fna.fbcdn.net,AVAILABILITY,domains.list,2026-10-01 18:09:03.489703+00:00
scontent.fphl2-2.fna.fbcdn.net,AVAILABILITY,domains.list,2026-10-01 18:09:03.722784+00:00
a.ns.t.facebook.net,AVAILABILITY,domains.list,2026-10-01 18:09:04.092832+00:00
whatsapp-cdn-shv-01-maa2.fbcdn.net,AVAILABILITY,domains.list,2026-10-01 18:09:04.541739+00:00
b.ns.t.facebook.net,AVAILABILITY,domains.list,2026-10-01 18:09:04.769081+00:00
xx-fbcdn-shv-01-hel2.fbcdn.net,AVAILABILITY,domains.list,2026-10-01 18:09:05.223107+00:00
xx-fbcdn-shv-01-hkg3.fbcdn.net,AVAILABILITY,domains.list,2026-10-01 18:09:05.627154+00:00
static.fbcdn.com,AVAILABILITY,domains.list,2026-10-01 18:09:06.015942+00:00
edge-sonar-mini-shv-01-bos3.fbcdn.net,AVAILABILITY,domains.list,2026-10-01 18:09:06.268885+00:00
scontent.fybz2-2.fna.fbcdn.net,AVAILABILITY,domains.list,2026-10-01 18:09:06.959526+00:00
irc-prn.tfbnw.net,AVAILABILITY,domains.list,2026-10-01 18:09:07.380431+00:00
irc.hack.tfbnw.net,AVAILABILITY,domains.list,2026-10-01 18:09:07.594792+00:00
po104.psw04.yyz1.tfbnw.net,AVAILABILITY,domains.list,2026-10-01 18:09:07.843997+00:00
a.ns.t.tfbnw.net,AVAILABILITY,domains.list,2026-10-01 18:09:08.213883+00:00
b.ns.t.tfbnw.net,AVAILABILITY,domains.list,2026-10-01 18:09:08.706309+00:00
falabella.facebook.com,AVAILABILITY,domains.list,2026-10-01 18:09:09.153477+00:00
gforce.facebook.com,AVAILABILITY,domains.list,2026-10-01 18:09:09.535683+00:00
www.fbcdn.net,AVAILABILITY,domains.list,2026-10-01 18:09:10.378294+00:00
www.facebook.nl,AVAILABILITY,domains.list,2026-10-01 18:09:11.165762+00:00
grab.facebook.com,AVAILABILITY,domains.list,2026-10-01 18:09:11.498210+00:00
gyron.facebook.com,AVAILABILITY,domains.list,2026-10-01 18:09:11.944478+00:00
huawei.facebook.com,AVAILABILITY,domains.list,2026-10-01 18:09:12.199093+00:00
instagram-p3-shv-01-waw1.fbcdn.net,AVAILABILITY,domains.list,2026-10-01 18:09:12.514751+00:00
ns.facebook.com,AVAILABILITY,domains.list,2026-10-01 18:09:12.877729+00:00
scontent-waw1-1.xx.fbcdn.net,AVAILABILITY,domains.list,2026-10-01 18:09:13.415009+00:00
telkomsel.facebook.com,AVAILABILITY,domains.list,2026-10-01 18:09:13.627590+00:00
telkomsel.m.facebook.com,AVAILABILITY,domains.list,2026-10-01 18:09:13.972752+00:00
uky.facebook.com,AVAILABILITY,domains.list,2026-10-01 18:09:14.468238+00:00
work-99275836.facebook.com,AVAILABILITY,domains.list,2026-10-01 18:09:14.763368+00:00
xx-fbcdn-shv-01-waw1.fbcdn.net,AVAILABILITY,domains.list,2026-10-01 18:09:15.070105+00:00
xx-fbcdn-shv-01-bog1.fbcdn.net,AVAILABILITY,domains.list,2026-10-01 18:09:15.278973+00:00
edge-video-shv-01-hkt1.fbcdn.net,AVAILABILITY,domains.list,2026-10-01 18:09:15.594979+00:00
fna.fbcdn.net,AVAILABILITY,domains.list,2026-10-01 18:09:15.867376+00:00
instagram-p42-shv-01-hkt1.fbcdn.net,AVAILABILITY,domains.list,2026-10-01 18:09:16.236558+00:00
whatsapp-cdn-shv-01-hkt1.fbcdn.net,AVAILABILITY,domains.list,2026-10-01 18:09:16.512860+00:00
www.facebook.lv,AVAILABILITY,domains.list,2026-10-01 18:09:17.076059+00:00
scontent-bom1-1.xx.fbcdn.net,AVAILABILITY,domains.list,2026-10-01 18:09:17.521079+00:00
xx-fbcdn-shv-01-bom1.fbcdn.net,AVAILABILITY,domains.list,2026-10-01 18:09:17.741128+00:00
www.facebooks.com,AVAILABILITY,domains.list,2026-10-01 18:09:18.330586+00:00
www.facebook.co.nz,AVAILABILITY,domains.list,2026-10-01 18:09:20.840385+00:00
xx-fbcdn-shv-01-del1.fbcdn.net,AVAILABILITY,domains.list,2026-10-01 18:09:21.137054+00:00
xx-fbcdn-shv-01-hkt1.fbcdn.net,AVAILABILITY,domains.list,2026-10-01 18:09:21.431685+00:00
irc.tfbnw.net,AVAILABILITY,domains.list,2026-10-01 18:09:21.675659+00:00
po213.psw02.fra5.tfbnw.net,AVAILABILITY,domains.list,2026-10-01 18:09:22.004764+00:00
edge-atlas-shv-02-xsp1.facebook.com,AVAILABILITY,domains.list,2026-10-01 18:09:22.515808+00:00
whatsapp-cdn-shv-02-xsp1.fbcdn.net,AVAILABILITY,domains.list,2026-10-01 18:09:34.455509+00:00
edge-sonar-mini-shv-01-xsp1.fbcdn.net,AVAILABILITY,domains.list,2026-10-01 18:09:34.760717+00:00
instagram-p3-shv-01-xsp1.fbcdn.net,AVAILABILITY,domains.list,2026-10-01 18:09:35.053107+00:00
whatsapp-cdn-shv-01-xsp1.fbcdn.net,AVAILABILITY,domains.list,2026-10-01 18:09:35.418169+00:00
xx-fbcdn-shv-01-xsp1.fbcdn.net,AVAILABILITY,domains.list,2026-10-01 18:09:35.934329+00:00
interncache-nao.fbcdn.net,AVAILABILITY,domains.list,2026-10-01 18:09:36.408434+00:00
ae0.bb01.atl1.tfbnw.net,AVAILABILITY,domains.list,2026-10-01 18:09:37.005215+00:00
external-cdt1-1.xx.fbcdn.net,AVAILABILITY,domains.list,2026-10-01 18:09:37.264105+00:00
instagram-p3-shv-01-cdt1.fbcdn.net,AVAILABILITY,domains.list,2026-10-01 18:09:37.514336+00:00
instagram-p42-shv-01-cdt1.fbcdn.net,AVAILABILITY,domains.list,2026-10-01 18:09:38.710797+00:00
scontent-cdt1-1.xx.fbcdn.net,AVAILABILITY,domains.list,2026-10-01 18:09:38.927625+00:00
external-frt3-2.xx.fbcdn.net,AVAILABILITY,domains.list,2026-10-01 18:09:39.235316+00:00
instagram-p3-shv-01-kut2.fbcdn.net,AVAILABILITY,domains.list,2026-10-01 18:09:39.493796+00:00
instagram.fppb1-1.fna.fbcdn.net,AVAILABILITY,domains.list,2026-10-01 18:09:40.123585+00:00
www.facebook.com.tw,AVAILABILITY,domains.list,2026-10-01 18:09:44.051327+00:00
www.facebook.es,AVAILABILITY,domains.list,2026-10-01 18:09:46.254787+00:00
www.facebook.be,AVAILABILITY,domains.list,2026-10-01 18:09:48.449459+00:00
www.facebook.de,AVAILABILITY,domains.list,2026-10-01 18:09:49.722524+00:00
www.facebook.se,AVAILABILITY,domains.list,2026-10-01 18:09:50.889450+00:00
www.facebook.dk,AVAILABILITY,domains.list,2026-10-01 18:10:11.552169+00:00
www.facebook.com.au,AVAILABILITY,domains.list,2026-10-01 18:10:12.140715+00:00
www.facebook.pl,AVAILABILITY,domains.list,2026-10-01 18:10:13.210289+00:00
www.facebook.co,AVAILABILITY,domains.list,2026-10-01 18:10:14.054842+00:00
www.facebook.com.br,AVAILABILITY,domains.list,2026-10-01 18:10:14.911896+00:00
scontent-sea1-1.xx.fbcdn.net,AVAILABILITY,domains.list,2026-10-01 18:10:15.350571+00:00
